Workbook

Sheet 1-基础属性说明
A1: 公式名称 | B1: 公式表达式（策划可调） | C1: 参数说明 | D1: 备注
A2: 实际伤害 | B2: 实际伤害 = 基础伤害 - 防御 | C2: 基础伤害来自攻击×技能倍率等 | D2: 先算基础伤害再乘(1-减伤率)
A3: 基础伤害 | B3: 基础伤害 = 攻击 × 技能倍率 × (1 ± 克制系数) | C3: 技能倍率、克制系数在技能表配置 | D3: 暴击时再乘暴击伤害倍率
A4: 暴击判定 | B4: 若 rand() < 暴击率 则 伤害 × 暴击伤害 | C4: rand()为0~1随机数 | D4: 可设暴击率上限如80%
A5: 刀数（节奏指标） | B5: 刀数 = 怪物血量 / 玩家单次有效伤害（向上取整） | C5: 即击败一只怪所需攻击次数；用于控制战斗节奏 | D5: 设计目标：普通战约10刀，简单6~8刀，难12~15刀，Boss可更高
A6: ATB时间条增速 | B6: 每秒增加量 = 速度 × atb_speed_factor | C6: 速度=10 时 1 秒满条 = 1 秒 1 刀；按兵种调速度即调攻击节奏
A7: -- | B7: -- | C7: -- | D7: --
A8: 治疗量 | B8: 治疗量 = 治疗基础值 × (1 + 治疗加成%) | C8: 治疗基础值来自技能或属性 | D8: 可再受防御/抗性影响（若需要）
A9: 护盾值 | B9: 护盾 = 吸收量，优先扣除护盾再扣血 | C9: 吸收量来自技能或属性 | D9: 多源护盾可叠加或取高由设计定

Sheet 2-公式表
A1: 公式名称 | B1: 公式表达式（策划可调） | C1: 参数说明 | D1: 备注
A2: 减伤率 | B2: 减伤率 = 防御 / (防御 + K_def) | C2: K_def：常数，控制防御边际递减，如200、500 | D2: 防御越高减伤越趋近100%，永不为0伤害
A3: 实际伤害 | B3: 实际伤害 = 基础伤害 × (1 - 减伤率) | C3: 基础伤害来自攻击×技能倍率等 | D3: 先算基础伤害再乘(1-减伤率)
A4: 基础伤害 | B4: 基础伤害 = 攻击 × 技能倍率 × (1 ± 克制系数) | C4: 技能倍率、克制系数在技能表配置 | D4: 暴击时再乘暴击伤害倍率
A5: 暴击判定 | B5: 若 rand() < 暴击率 则 伤害 × 暴击伤害 | C5: rand()为0~1随机数 | D5: 可设暴击率上限如80%
A6: 刀数（节奏指标） | B6: 刀数 = 怪物血量 / 玩家单次有效伤害（向上取整） | C6: 即击败一只怪所需攻击次数；用于控制战斗节奏 | D6: 设计目标：普通战约10刀，简单6~8刀，难12~15刀，Boss可更高
A7: ATB时间条增速 | B7: 每秒增加量 = 速度 × atb_speed_factor | C7: 速度=10 时 1 秒满条 = 1 秒 1 刀；按兵种调速度即调攻击节奏
A8: -- | B8: -- | C8: -- | D8: --
A9: 治疗量 | B9: 治疗量 = 治疗基础值 × (1 + 治疗加成%) | C9: 治疗基础值来自技能或属性 | D9: 可再受防御/抗性影响（若需要）
A10: 护盾值 | B10: 护盾 = 吸收量，优先扣除护盾再扣血 | C10: 吸收量来自技能或属性 | D10: 多源护盾可叠加或取高由设计定

Sheet 3-常数表
A1: 参数名 | B1: 建议值 | C1: 说明
A2: K_def | B2: 200 | C2: 减伤率公式 防御/(防御+K_def)，层数高可适当加大
A3: atb_max | B3: 10000 | C3: ATB时间条满值（满即行动）
A4: atb_speed_factor | B4: 1000 | C4: 每秒增量 = 速度×此系数；atb_speed_factor = atb_max/speed_baseline
A5: target_hits_normal | B5: 10 | C5: 普通战斗目标刀数（击败单怪所需攻击次数），用于反推血量与节奏
A6: min_damage | B6: 1 | C6: 最低攻击

Sheet 4-标准士兵表
A1: 阶数 | B1: 攻击 | C1: 血量 | D1: 防御 | E1: 队伍数量 | F1: 攻击同等阶敌人刀数 | G1: 攻击上一阶敌人刀数 | H1: 攻击下一阶敌人刀数
A2: 1 | B2: 60 | C2: 280 | D2: 25 | E2: 1 | F2: ='5-标准敌人表'!C2/(MAX('3-常数表'!$B$6,(B2-'5-标准敌人表'!D2)*E2)) -> 8 | H2: ='5-标准敌人表'!C3/(MAX('3-常数表'!$B$6,(B2-'5-标准敌人表'!D2)*E2)) -> 33.4
A3: 2 | B3: 100 | C3: 467 | D3: 42 | E3: 2 | F3: ='5-标准敌人表'!C3/(MAX('3-常数表'!$B$6,(B3-'5-标准敌人表'!D3)*E3)) -> 9.9701493 | G3: ='5-标准敌人表'!C2/(MAX('3-常数表'!$B$6,(B3-'5-标准敌人表'!D3)*E3)) -> 2.3880597 | H3: ='5-标准敌人表'!C4/(MAX('3-常数表'!$B$6,(B3-'5-标准敌人表'!D3)*E3)) -> 26.567164
A4: 3 | B4: 167 | C4: 779 | D4: 70 | E4: 3 | F4: ='5-标准敌人表'!C4/(MAX('3-常数表'!$B$6,(B4-'5-标准敌人表'!D4)*E4)) -> 10.690691 | G4: ='5-标准敌人表'!C3/(MAX('3-常数表'!$B$6,(B4-'5-标准敌人表'!D4)*E4)) -> 4.012012 | H4: ='5-标准敌人表'!C5/(MAX('3-常数表'!$B$6,(B4-'5-标准敌人表'!D4)*E4)) -> 24.48048
A5: 4 | B5: 278 | C5: 1300 | D5: 116 | E5: 4 | F5: ='5-标准敌人表'!C5/(MAX('3-常数表'!$B$6,(B5-'5-标准敌人表'!D5)*E5)) -> 11.016216 | G5: ='5-标准敌人表'!C4/(MAX('3-常数表'!$B$6,(B5-'5-标准敌人表'!D5)*E5)) -> 4.8108108 | H5: ='5-标准敌人表'!C6/(MAX('3-常数表'!$B$6,(B5-'5-标准敌人表'!D5)*E5)) -> 23.459459
A6: 5 | B6: 465 | C6: 2168 | D6: 194 | E6: 5 | F6: ='5-标准敌人表'!C6/(MAX('3-常数表'!$B$6,(B6-'5-标准敌人表'!D6)*E6)) -> 11.2 | G6: ='5-标准敌人表'!C5/(MAX('3-常数表'!$B$6,(B6-'5-标准敌人表'!D6)*E6)) -> 5.2593548 | H6: ='5-标准敌人表'!C7/(MAX('3-常数表'!$B$6,(B6-'5-标准敌人表'!D6)*E6)) -> 22.668387
A7: 6 | B7: 775 | C7: 3616 | D7: 323 | E7: 6 | F7: ='5-标准敌人表'!C7/(MAX('3-常数表'!$B$6,(B7-'5-标准敌人表'!D7)*E7)) -> 11.326886 | G7: ='5-标准敌人表'!C6/(MAX('3-常数表'!$B$6,(B7-'5-标准敌人表'!D7)*E7)) -> 5.5963894 | H7: ='5-标准敌人表'!C8/(MAX('3-常数表'!$B$6,(B7-'5-标准敌人表'!D7)*E7)) -> 18.896196
A8: 7 | B8: 1293 | C8: 6032 | D8: 539 | E8: 6 | F8: ='5-标准敌人表'!C8/(MAX('3-常数表'!$B$6,(B8-'5-标准敌人表'!D8)*E8)) -> 11.333333 | G8: ='5-标准敌人表'!C7/(MAX('3-常数表'!$B$6,(B8-'5-标准敌人表'!D8)*E8)) -> 6.7935035 | H8: ='5-标准敌人表'!C9/(MAX('3-常数表'!$B$6,(B8-'5-标准敌人表'!D8)*E8)) -> 18.897138
A9: 8 | B9: 2156 | C9: 10063 | D9: 898 | E9: 6 | F9: ='5-标准敌人表'!C9/(MAX('3-常数表'!$B$6,(B9-'5-标准敌人表'!D9)*E9)) -> 11.335653 | G9: ='5-标准敌人表'!C8/(MAX('3-常数表'!$B$6,(B9-'5-标准敌人表'!D9)*E9)) -> 6.7984226 | H9: ='5-标准敌人表'!C10/(MAX('3-常数表'!$B$6,(B9-'5-标准敌人表'!D9)*E9)) -> 18.912549
A10: 9 | B10: 3597 | C10: 16786 | D10: 1499 | E10: 6 | F10: ='5-标准敌人表'!C10/(MAX('3-常数表'!$B$6,(B10-'5-标准敌人表'!D10)*E10)) -> 11.333333 | G10: ='5-标准敌人表'!C9/(MAX('3-常数表'!$B$6,(B10-'5-标准敌人表'!D10)*E10)) -> 6.792883 | H10: ='5-标准敌人表'!C11/(MAX('3-常数表'!$B$6,(B10-'5-标准敌人表'!D10)*E10)) -> 18.904643
A11: 10 | B11: 6000 | C11: 28000 | D11: 2500 | E11: 6 | F11: ='5-标准敌人表'!C11/(MAX('3-常数表'!$B$6,(B11-'5-标准敌人表'!D11)*E11)) -> 11.333333 | G11: ='5-标准敌人表'!C10/(MAX('3-常数表'!$B$6,(B11-'5-标准敌人表'!D11)*E11)) -> 6.7943333

Sheet 5-标准敌人表
A1: 阶数 | B1: 攻击 | C1: 血量 | D1: 防御 | E1: 队伍数量 | F1: 攻击同等阶士兵刀数（士兵x上阵数量） | G1: 攻击上一阶士兵刀数 | H1: 攻击下一阶士兵刀数
A2: 1 | B2: 54 | C2: 320 | D2: 20 | E2: 1 | F2: =('4-标准士兵表'!C2*'4-标准士兵表'!E2)/MAX('3-常数表'!$B$6,B2-'4-标准士兵表'!D2) -> 9.6551724 | H2: =('4-标准士兵表'!C3*'4-标准士兵表'!E3)/MAX('3-常数表'!$B$6,B2-'4-标准士兵表'!D3) -> 77.833333
A3: 2 | B3: 89 | C3: 1336 | D3: 33 | E3: 1 | F3: =('4-标准士兵表'!C3*'4-标准士兵表'!E3)/MAX('3-常数表'!$B$6,B3-'4-标准士兵表'!D3) -> 19.87234 | G3: =('4-标准士兵表'!C2*'4-标准士兵表'!E2)/MAX('3-常数表'!$B$6,B3-'4-标准士兵表'!D2) -> 4.375 | H3: =('4-标准士兵表'!C4*'4-标准士兵表'!E4)/MAX('3-常数表'!$B$6,B3-'4-标准士兵表'!D4) -> 123
A4: 3 | B4: 187 | C4: 3560 | D4: 56 | E4: 1 | F4: =('4-标准士兵表'!C4*'4-标准士兵表'!E4)/MAX('3-常数表'!$B$6,B4-'4-标准士兵表'!D4) -> 19.974359 | G4: =('4-标准士兵表'!C3*'4-标准士兵表'!E3)/MAX('3-常数表'!$B$6,B4-'4-标准士兵表'!D3) -> 6.4413793 | H4: =('4-标准士兵表'!C5*'4-标准士兵表'!E5)/MAX('3-常数表'!$B$6,B4-'4-标准士兵表'!D5) -> 73.239437
A5: 4 | B5: 376 | C5: 8152 | D5: 93 | E5: 1 | F5: =('4-标准士兵表'!C5*'4-标准士兵表'!E5)/MAX('3-常数表'!$B$6,B5-'4-标准士兵表'!D5) -> 20 | G5: =('4-标准士兵表'!C4*'4-标准士兵表'!E4)/MAX('3-常数表'!$B$6,B5-'4-标准士兵表'!D4) -> 7.6372549 | H5: =('4-标准士兵表'!C6*'4-标准士兵表'!E6)/MAX('3-常数表'!$B$6,B5-'4-标准士兵表'!D6) -> 59.56044
A6: 5 | B6: 736 | C6: 17360 | D6: 155 | E6: 1 | F6: =('4-标准士兵表'!C6*'4-标准士兵表'!E6)/MAX('3-常数表'!$B$6,B6-'4-标准士兵表'!D6) -> 20 | G6: =('4-标准士兵表'!C5*'4-标准士兵表'!E5)/MAX('3-常数表'!$B$6,B6-'4-标准士兵表'!D5) -> 8.3870968 | H6: =('4-标准士兵表'!C7*'4-标准士兵表'!E7)/MAX('3-常数表'!$B$6,B6-'4-标准士兵表'!D7) -> 52.532688
A7: 6 | B7: 1408 | C7: 35136 | D7: 258 | E7: 1 | F7: =('4-标准士兵表'!C7*'4-标准士兵表'!E7)/MAX('3-常数表'!$B$6,B7-'4-标准士兵表'!D7) -> 19.996313 | G7: =('4-标准士兵表'!C6*'4-标准士兵表'!E6)/MAX('3-常数表'!$B$6,B7-'4-标准士兵表'!D6) -> 8.9291598 | H7: =('4-标准士兵表'!C8*'4-标准士兵表'!E8)/MAX('3-常数表'!$B$6,B7-'4-标准士兵表'!D8) -> 41.647871
A8: 7 | B8: 2349 | C8: 58616 | D8: 431 | E8: 1 | F8: =('4-标准士兵表'!C8*'4-标准士兵表'!E8)/MAX('3-常数表'!$B$6,B8-'4-标准士兵表'!D8) -> 19.99558 | G8: =('4-标准士兵表'!C7*'4-标准士兵表'!E7)/MAX('3-常数表'!$B$6,B8-'4-标准士兵表'!D7) -> 10.708786 | H8: =('4-标准士兵表'!C9*'4-标准士兵表'!E9)/MAX('3-常数表'!$B$6,B8-'4-标准士兵表'!D9) -> 41.611303
A9: 8 | B9: 3917 | C9: 97736 | D9: 719 | E9: 1 | F9: =('4-标准士兵表'!C9*'4-标准士兵表'!E9)/MAX('3-常数表'!$B$6,B9-'4-标准士兵表'!D9) -> 19.999338 | G9: =('4-标准士兵表'!C8*'4-标准士兵表'!E8)/MAX('3-常数表'!$B$6,B9-'4-标准士兵表'!D8) -> 10.714032 | H9: =('4-标准士兵表'!C10*'4-标准士兵表'!E10)/MAX('3-常数表'!$B$6,B9-'4-标准士兵表'!D10) -> 41.652605
A10: 9 | B10: 6535 | C10: 163064 | D10: 1199 | E10: 1 | F10: =('4-标准士兵表'!C10*'4-标准士兵表'!E10)/MAX('3-常数表'!$B$6,B10-'4-标准士兵表'!D10) -> 19.999206 | G10: =('4-标准士兵表'!C9*'4-标准士兵表'!E9)/MAX('3-常数表'!$B$6,B10-'4-标准士兵表'!D9) -> 10.711016 | H10: =('4-标准士兵表'!C11*'4-标准士兵表'!E11)/MAX('3-常数表'!$B$6,B10-'4-标准士兵表'!D11) -> 41.635688
A11: 10 | B11: 10900 | C11: 272000 | D11: 2000 | E11: 1 | F11: =('4-标准士兵表'!C11*'4-标准士兵表'!E11)/MAX('3-常数表'!$B$6,B11-'4-标准士兵表'!D11) -> 20 | G11: =('4-标准士兵表'!C10*'4-标准士兵表'!E10)/MAX('3-常数表'!$B$6,B11-'4-标准士兵表'!D10) -> 10.713328
